"","binomial","comparison","intercept","slope","resid.std.err","df","std.err.slope","std.err.intercept","r.squared","sample.size"
"1","Spermophilus beecheyi","Mass/toothrow",1.65539378118617,1.01973200370716,0.123829889146722,84,0.692843705833165,0.733277907501434,0.0251399570481476,86
"2","Spermophilus beecheyi","Mass/hinfoot",-1.33381778265733,2.33493057331928,0.105710679175016,84,0.399053890479371,0.695386632245142,0.289557345890677,86
"3","Spermophilus beecheyi","hindfoot length/toothrow length",1.48563001202619,0.242608143563045,0.0285134881361294,84,0.15953652969081,0.16884704541126,0.026792703488125,86
