"","binomial","intercept","slope","resid.std.err","df","std.err.slope","std.err.intercept","r.squared","sample.size"
"1","Clethrionomys gapperi",-4.11287639501369,2.45079483063726,0.215652032282709,267,0.108536499386333,0.23550244869202,0.656314624611338,269
"2","Blarina brevicauda",-1.0504679238088,1.11436282674279,0.113333970141896,36,0.596905317227229,1.24264681602922,0.0882686945798788,38
