"","binomial","intercept","slope","resid.std.err","df","std.err.slope","std.err.intercept","r.squared","sample.size"
"1","Spermophilus beecheyi",-3.48300319923904,2.32337321254017,0.0541034318259371,8,0.399292140485895,1.02525632328775,0.80887590084363,10
"2","Clethrionomys gapperi",-1.69323235719605,1.41930198459817,0.0566067978579725,14,0.366163593388114,0.773628096660845,0.517648462660422,16
"3","Peromyscus polionotus",-3.04825330463008,1.98755583682891,0.0756931748695097,8,1.33939141555641,2.81143715865848,0.215842502032412,10
"4","Reithrodontomys megalotis",-6.28713452347516,3.43367342488508,0.0668594330453793,82,0.173421197132039,0.360314493712915,0.827013294192858,84
"5","Peromyscus maniculatus",-0.718061875744105,0.874153108661923,0.0415432160716431,62,0.116241202494731,0.251401558053843,0.477026679379995,64
"6","Napaeozapus insignis",0.419290441206699,0.372291268602485,0.0563128218159553,26,0.205821971750122,0.482091004758984,0.111772073666066,28
"7","Microtus pennsylvanicus",-0.679613961760371,0.975423507933737,0.112850036908054,44,0.336794354542463,0.727767296353545,0.160112510012988,46
"8","Blarina brevicauda",-0.0129112518788322,0.624427837803851,0.0653255302123172,34,0.35370392611831,0.736933496173165,0.0839684729937138,36
