"","binomial","comparison","intercept","slope","resid.std.err","df","std.err.slope","std.err.intercept","r.squared","sample.size"
"1","Spermophilus beecheyi","Mass/toothrow",1.65539378118617,1.01973200370716,0.123829889146722,84,0.692843705833165,0.733277907501434,0.0251399570481476,86
"2","Spermophilus beecheyi","Mass/hinfoot",-1.33381778265733,2.33493057331928,0.105710679175016,84,0.399053890479371,0.695386632245142,0.289557345890677,86
"3","Spermophilus beecheyi","hindfoot length/toothrow length",1.48563001202619,0.242608143563045,0.0285134881361294,84,0.15953652969081,0.16884704541126,0.026792703488125,86
"4","Spermophilus beecheyi","Mass/Total length",-3.56294217291284,2.39680133544347,0.0849636514809785,83,0.244403898947079,0.642018452593949,0.536757499505684,86
"5","Spermophilus beecheyi","Total length/toothrow length",2.22832869397711,0.376480796344453,0.0374508053051398,83,0.211640443867162,0.223929290657031,0.0367248958851719,86
