"","MSW05_Binomial","sample.size","min.mass","max.mass","avg.mass","sd.err.mass","pan.mass","mass.diff"
"1","Blarina brevicauda",37,14,27,19.6,0.486962146508465,18.56,2.13568961665057
"2","Microtus pennsylvanicus",48,13.5,36.9,27.9229166666667,0.993561897685845,42.53,14.7017346049153
"3","Napaeozapus insignis",29,12.5,24,19.7724137931034,0.454774792739694,22.25,5.44794092911539
"4","Peromyscus maniculatus",70,10.6,18,15.1571428571429,0.232526597944942,19.98,20.7410988053896
"5","Peromyscus polionotus",11,10.9,19.4,13.4818181818182,0.778905780486981,14.27,1.01190906259424
"6","Puma concolor",46,27727.2727272727,79545.4545454545,55335.9683794466,1437.77627583618,53954.05,0.961149799639687
"7","Reithrodontomys megalotis",85,3.5,21,7.51411764705882,0.332221126037958,10.72,9.64984494265694
"8","Spermophilus beecheyi",12,160,406.9,319.05,20.1946493813674,597.82,13.8041515222942
